Departamento;Delitos sexuales
AMAZONAS;76
ANTIOQUIA;4201
ARAUCA;200
ATLANTICO;1176
BOLIVAR;1121
BOYACA;717
CALDAS;702
CAQUETA;280
CASANARE;264
CAUCA;687
CESAR;677
CHOCO;201
CORDOBA;661
CUNDINAMARCA;1735
GUAINIA;34
LA GUAJIRA;285
GUAVIARE;118
HUILA;918
MAGDALENA;642
META;849
NARI�O;712
NORTE DE SANTANDER;642
PUTUMAYO;284
QUINDIO;357
RISARALDA;704
ARCHIPIELAGO DE SAN ANDRES PROVIDENCIA Y SANTA CATALINA;75
SANTANDER;1476
SUCRE;405
TOLIMA;1119
VALLE DEL CAUCA;2479
VAUPES;21
VICHADA;63
SANTAFE DE BOGOTA D.C;4745
