Departamento;Hurto motocicletas
AMAZONAS;191
ANTIOQUIA;27904
ARAUCA;828
ATLANTICO;5771
BOLIVAR;5396
BOYACA;4855
CALDAS;2449
CAQUETA;1150
CASANARE;1321
CAUCA;5479
CESAR;3237
CHOCO;1076
CORDOBA;2922
CUNDINAMARCA;11804
GUAINIA;120
LA GUAJIRA;1634
GUAVIARE;337
HUILA;4678
MAGDALENA;2982
META;4716
NARI�O;4061
NORTE DE SANTANDER;4699
PUTUMAYO;1103
QUINDIO;1483
RISARALDA;2769
ARCHIPIELAGO DE SAN ANDRES PROVIDENCIA Y SANTA CATALINA;299
SANTANDER;8265
SUCRE;2070
TOLIMA;4698
VALLE DEL CAUCA;16425
VAUPES;94
VICHADA;141
SANTAFE DE BOGOTA D.C;45195
